Image,Offers,Link,Date
https://www.rupay.co.in/images/rupay/rupay-festive-carnival/logo/GRT_Jewllers_logo.png,"Flat 1.5% off on gold jewellery orders above ₹20,000. Max discount is ₹1,500.",https://www.rupay.co.in/rupay-festive-carnival/rupay-festive-carnival-detail?id=245,30th September 2025
https://www.rupay.co.in/images/rupay/rupay-festive-carnival/logo/GRT_Jewllers_logo.png,₹250 off on orders of ₹2500 & above on Silver jewellery.,https://www.rupay.co.in/rupay-festive-carnival/rupay-festive-carnival-detail?id=244,30th September 2025
https://www.rupay.co.in/images/rupay/rupay-festive-carnival/logo/Gehna_logo.png,Flat 2000 INR Off Purchase of 25K and Above,https://www.rupay.co.in/rupay-festive-carnival/rupay-festive-carnival-detail?id=243,31st October 2025
https://www.rupay.co.in/images/rupay/rupay-festive-carnival/logo/Gehna_logo.png,Flat 1000 INR Off Purchase of 15K and above,https://www.rupay.co.in/rupay-festive-carnival/rupay-festive-carnival-detail?id=242,31st October 2025
https://www.rupay.co.in/images/rupay/rupay-festive-carnival/logo/Kalyan_logo.png,"Flat ₹8000 on a minimum purchase of ₹1,00,000 on Diamond Jewellery",https://www.rupay.co.in/rupay-festive-carnival/rupay-festive-carnival-detail?id=241,31st March 2025
https://www.rupay.co.in/images/rupay/rupay-festive-carnival/logo/Puma_logo.png,Flat 5% Off Sitewide,https://www.rupay.co.in/rupay-festive-carnival/rupay-festive-carnival-detail?id=240,31st December 2024
https://www.rupay.co.in/images/rupay/rupay-festive-carnival/logo/Kalyan_logo.png,"Flat 25% off on making charges on a minimum purchase of ₹75,000 on Gold Jewellery.",https://www.rupay.co.in/rupay-festive-carnival/rupay-festive-carnival-detail?id=239,31st March 2025
https://www.rupay.co.in/images/rupay/rupay-festive-carnival/logo/Appolo_logo.png,30% discount on Diagnostic bookings. Offer Valid on all RuPay Cards.,https://www.rupay.co.in/rupay-festive-carnival/rupay-festive-carnival-detail?id=235,1st October 2024 to 31st March 2025
https://www.rupay.co.in/images/rupay/rupay-festive-carnival/logo/Appolo_logo.png,15% discount on medicines on MOV ₹1250.Offer Valid on all RuPay Cards.,https://www.rupay.co.in/rupay-festive-carnival/rupay-festive-carnival-detail?id=234,1st October 2024 to 31st March 2025
https://www.rupay.co.in/images/rupay/rupay-festive-carnival/logo/Appolo_logo.png,50% off on 12 months Circle Membership. Offer Valid on all RuPay Cards.,https://www.rupay.co.in/rupay-festive-carnival/rupay-festive-carnival-detail?id=233,1st October 2024 to 31st March 2025
https://www.rupay.co.in/images/rupay/rupay-festive-carnival/logo/Lakme-Salon-logo.png,₹300 off on Minimum Purchase Value of ₹1000,https://www.rupay.co.in/rupay-festive-carnival/rupay-festive-carnival-detail?id=231,21st August 2024 to 31st July 2025
https://www.rupay.co.in/images/rupay/rupay-festive-carnival/logo/BookMyScans-logo.png,25% off on Silver & Platinum Package,https://www.rupay.co.in/rupay-festive-carnival/rupay-festive-carnival-detail?id=230,21st August 2024 to 31st July 2025
https://www.rupay.co.in/images/rupay/rupay-festive-carnival/logo/The-Clarks-Hotel-logo.png,25% off on Rooms,https://www.rupay.co.in/rupay-festive-carnival/rupay-festive-carnival-detail?id=229,05th September 2024 to 31st July 2025
https://www.rupay.co.in/images/rupay/rupay-festive-carnival/logo/The-Clarks-Hotel-logo.png,20% off on Food & Soft Beverages,https://www.rupay.co.in/rupay-festive-carnival/rupay-festive-carnival-detail?id=228,05th September 2024 to 31st July 2025
https://www.rupay.co.in/images/rupay/rupay-festive-carnival/logo/Home4U-logo.png,10% off on Total Bill,https://www.rupay.co.in/rupay-festive-carnival/rupay-festive-carnival-detail?id=227,18th September 2024 to 31st July 2025
https://www.rupay.co.in/images/rupay/rupay-festive-carnival/logo/Mokobara-logo.png,10% off on Total Bill,https://www.rupay.co.in/rupay-festive-carnival/rupay-festive-carnival-detail?id=226,18th September 2024 to 31st July 2025
https://www.rupay.co.in/images/rupay/rupay-festive-carnival/logo/HOUSE-OF-RARE-logo.png,Flat 10% off on minimum order value of ₹5000 or above,https://www.rupay.co.in/rupay-festive-carnival/rupay-festive-carnival-detail?id=225,20th August 2024 to 31st July 2025
https://www.rupay.co.in/images/rupay/rupay-festive-carnival/logo/INDIA-MAGS-logo.png,Get 4% off on Magazine Subscriptions,https://www.rupay.co.in/rupay-festive-carnival/rupay-festive-carnival-detail?id=224,20th August 2024 to 31st July 2025
https://www.rupay.co.in/images/rupay/rupay-festive-carnival/logo/Zomato-dining-logo.png,15% instant cashback upto ₹1200 on RCC on UPI transactions on Zomato Dining (MOV : 3000) as Zomato Money,https://www.rupay.co.in/rupay-festive-carnival/rupay-festive-carnival-detail?id=223,30th March 2025
https://www.rupay.co.in/images/rupay/rupay-festive-carnival/logo/MFT_257.png,Flat 10% off,https://www.rupay.co.in/rupay-festive-carnival/rupay-festive-carnival-detail?id=222,25th March 2024 to 31st March 2025
https://www.rupay.co.in/images/rupay/rupay-festive-carnival/logo/Duroflex_257.png,Additional 10% off,https://www.rupay.co.in/rupay-festive-carnival/rupay-festive-carnival-detail?id=221,26th March 2024 to 31st March 2025
https://www.rupay.co.in/images/rupay/rupay-festive-carnival/logo/Flo_257.png,Free Snooze Kit (Set of 2 Eye Masks),https://www.rupay.co.in/rupay-festive-carnival/rupay-festive-carnival-detail?id=220,24th March 2024 to 31st March 2025
https://www.rupay.co.in/images/rupay/rupay-festive-carnival/logo/257-Daily.png,Additional 10% off,https://www.rupay.co.in/rupay-festive-carnival/rupay-festive-carnival-detail?id=219,23rd March 2024 to 15th March 2025
https://www.rupay.co.in/images/rupay/rupay-festive-carnival/logo/257_Zoomcar.png,Flat 20% off upto ₹1000/-,https://www.rupay.co.in/rupay-festive-carnival/rupay-festive-carnival-detail?id=218,21st March 2024 to 30th June 2025
https://www.rupay.co.in/images/rupay/rupay-festive-carnival/logo/Healthkart_257.png,Additional 10% off,https://www.rupay.co.in/rupay-festive-carnival/rupay-festive-carnival-detail?id=217,20th March 2024 to 31st March 2025
https://www.rupay.co.in/images/rupay/rupay-festive-carnival/logo/Interflora.png,Flat 20% Off on a minimum purchase of ₹1999,https://www.rupay.co.in/rupay-festive-carnival/rupay-festive-carnival-detail?id=216,22nd April 2024 to 31st March 2025
https://www.rupay.co.in/images/rupay/rupay-festive-carnival/logo/Masqua.png,Flat 20% off on ₹1000 & above. Maximum discount capping ₹500.,https://www.rupay.co.in/rupay-festive-carnival/rupay-festive-carnival-detail?id=215,22nd April 2024 to 31st March 2025
https://www.rupay.co.in/images/rupay/rupay-festive-carnival/logo/logo-size_Surat.png,18% Exclusive Discount for RuPay Card Customers,https://www.rupay.co.in/rupay-festive-carnival/rupay-festive-carnival-detail?id=214,8th May 2024 to 8th May 2025
https://www.rupay.co.in/images/rupay/rupay-festive-carnival/logo/melorra_logo.jpg,"Get Flat ₹7000 Off on Diamond Jewellery, Minimum Billing ₹90,000/-",https://www.rupay.co.in/rupay-festive-carnival/rupay-festive-carnival-detail?id=213,9th May 2024 to 8th May 2025
https://www.rupay.co.in/images/rupay/rupay-festive-carnival/logo/FernsnPetals.png,Get 18% off on minimum order value of ₹1200,https://www.rupay.co.in/rupay-festive-carnival/rupay-festive-carnival-detail?id=212,8th April 2024 to 17th April 2025
https://www.rupay.co.in/images/rupay/rupay-festive-carnival/logo/oyo.png,Upto 65% off on hotel bookings,https://www.rupay.co.in/rupay-festive-carnival/rupay-festive-carnival-detail?id=211,31st March 2025
https://www.rupay.co.in/images/rupay/rupay-festive-carnival/logo/snitch-logo.png,20% OFF on minimum purchase of ₹3299,https://www.rupay.co.in/rupay-festive-carnival/rupay-festive-carnival-detail?id=210,31st December 2024
https://www.rupay.co.in/images/rupay/rupay-festive-carnival/logo/IGP.png,Flat 20% off on a minimum purchase of ₹1199. Maximum discount capping ₹500.,https://www.rupay.co.in/rupay-festive-carnival/rupay-festive-carnival-detail?id=209,22nd April 2024 to 31st March 2025
https://www.rupay.co.in/images/rupay/rupay-festive-carnival/logo/Boat_257x93.png,Flat ₹500 off,https://www.rupay.co.in/rupay-festive-carnival/rupay-festive-carnival-detail?id=207,22nd March 2024 to 31st March 2025
https://www.rupay.co.in/images/rupay/rupay-festive-carnival/logo/PepperFry.png,Flat ₹1250 Off on Purchase of ₹10000 and above,https://www.rupay.co.in/rupay-festive-carnival/rupay-festive-carnival-detail?id=206,15th April 2024 to 30th November 2024
https://www.rupay.co.in/images/rupay/rupay-festive-carnival/logo/Makemytrip.png,Upto 15% cashback on Flights and Hotels,https://www.rupay.co.in/rupay-festive-carnival/rupay-festive-carnival-detail?id=205,21st June 2024 to 31st December 2024
https://www.rupay.co.in/images/rupay/rupay-festive-carnival/logo/khadi-natural-logo.png,Flat 10% off on minimum order value of ₹799 or above,https://www.rupay.co.in/rupay-festive-carnival/rupay-festive-carnival-detail?id=201,1st August 2024 to 31st July 2025
https://www.rupay.co.in/images/rupay/rupay-festive-carnival/logo/simplilearn-logo.png,Flat 20% discount on all Master’s programs,https://www.rupay.co.in/rupay-festive-carnival/rupay-festive-carnival-detail?id=200,1st August 2024 to 31st July 2025
https://www.rupay.co.in/images/rupay/rupay-festive-carnival/logo/stylework-in-logo.png,15% off on All Platinum Category Day Pass,https://www.rupay.co.in/rupay-festive-carnival/rupay-festive-carnival-detail?id=199,16th August 2024 to 31st July 2025
https://www.rupay.co.in/images/rupay/rupay-festive-carnival/logo/stylework-in-logo.png,10% off on All Silver & Gold Category Day Pass,https://www.rupay.co.in/rupay-festive-carnival/rupay-festive-carnival-detail?id=198,16th August 2024 to 31st July 2025
https://www.rupay.co.in/images/rupay/rupay-festive-carnival/logo/hush-puppies-logo.png,₹1500 off on Minimum Purchase Value of ₹6999. ₹1000 off on Minimum Purchase Value  of ₹4999,https://www.rupay.co.in/rupay-festive-carnival/rupay-festive-carnival-detail?id=197,13th August 2024 to 31st July 2025
https://www.rupay.co.in/images/rupay/rupay-festive-carnival/logo/bata-logo.png,₹750 off on Minimum Purchase Value of ₹2999. ₹500 off on Minimum Purchase Value of ₹1999.,https://www.rupay.co.in/rupay-festive-carnival/rupay-festive-carnival-detail?id=196,13th August 2024 to 31st July 2025
https://www.rupay.co.in/images/rupay/rupay-festive-carnival/logo/myntra-logo.png,₹400 off on Minimum Purchase Value of ₹1999,https://www.rupay.co.in/rupay-festive-carnival/rupay-festive-carnival-detail?id=195,13th August 2024 to 31st July 2025
https://www.rupay.co.in/images/rupay/rupay-festive-carnival/logo/bang-the-ritz-carlton-logo.png,Mixology Masterclass of ₹5000+ Taxes PP & ₹40000+ Taxes PP for Group of 10,https://www.rupay.co.in/rupay-festive-carnival/rupay-festive-carnival-detail?id=194,13th August 2024 to 31st July 2025
https://www.rupay.co.in/images/rupay/rupay-festive-carnival/logo/izu-the-ritz-carlton-logo.png,Private Dining Room of Chef’s Table Set Menu of ₹5000+ Taxes PP. Masterclass ₹6000+ Taxes PP,https://www.rupay.co.in/rupay-festive-carnival/rupay-festive-carnival-detail?id=193,13th August 2024 to 31st July 2025
https://www.rupay.co.in/images/rupay/rupay-festive-carnival/logo/starlit-by-the-pool-the-ritz-carlton-logo.png,Breakfast on the Waves off ₹2500+ Taxes PP. Dine under the stars off ₹25000+ Taxes PP,https://www.rupay.co.in/rupay-festive-carnival/rupay-festive-carnival-detail?id=192,13th August 2024 to 31st July 2025
https://www.rupay.co.in/images/rupay/rupay-festive-carnival/logo/the-lantern-restaurant-bar-the-ritz-carlton-logo.png,Private Dining Room of Chef’s Table Set Menu of ₹5000+ Taxes PP. Masterclass ₹6000+ Taxes PP,https://www.rupay.co.in/rupay-festive-carnival/rupay-festive-carnival-detail?id=191,13th August 2024 to 31st July 2025
https://www.rupay.co.in/images/rupay/rupay-festive-carnival/logo/riwaz-the-ritz-carlton-logo.png,Dineamation  Experience of ₹10000+ Taxes PP. Private Dining Room of Chef’s Table Set Menu of ₹5000+  Taxes PP. Masterclass ₹6000+ Taxes PP,https://www.rupay.co.in/rupay-festive-carnival/rupay-festive-carnival-detail?id=190,13th August 2024 to 31st July 2025
https://www.rupay.co.in/images/rupay/rupay-festive-carnival/logo/apollo-pharmacy-logo.png,10% off on Medicines except DPCO. 15% off on Apollo Private Label Products,https://www.rupay.co.in/rupay-festive-carnival/rupay-festive-carnival-detail?id=189,13th August 2024 to 31st July 2025
https://www.rupay.co.in/images/rupay/rupay-festive-carnival/logo/toni-guy-logo.png,15% off on Total Bill,https://www.rupay.co.in/rupay-festive-carnival/rupay-festive-carnival-detail?id=188,9th August 2024 to 31st July 2025
https://www.rupay.co.in/images/rupay/rupay-festive-carnival/logo/hilton-hotels-logo.png,20% off on Food & Soft Beverages,https://www.rupay.co.in/rupay-festive-carnival/rupay-festive-carnival-detail?id=186,9th August 2024 to 31st July 2025
https://www.rupay.co.in/images/rupay/rupay-festive-carnival/logo/bewakoof-logo.png,15% off on Minimum Purchase Value of ₹999,https://www.rupay.co.in/rupay-festive-carnival/rupay-festive-carnival-detail?id=185,9th August 2024 to 31st July 2025
https://www.rupay.co.in/images/rupay/rupay-festive-carnival/logo/dry-fruits-home-logo.png,Flat 15% off on all purchases above ₹1000,https://www.rupay.co.in/rupay-festive-carnival/rupay-festive-carnival-detail?id=184,1st August 2024 to 31st July 2025
https://www.rupay.co.in/images/rupay/rupay-festive-carnival/logo/reliance-digital-logo.png,₹600 off on minimum purchase of ₹17500,https://www.rupay.co.in/rupay-festive-carnival/rupay-festive-carnival-detail?id=179,1st August 2024 to 31st July 2025
https://www.rupay.co.in/images/rupay/rupay-festive-carnival/logo/reliance-digital-logo.png,₹250 off on minimum order value of ₹7000,https://www.rupay.co.in/rupay-festive-carnival/rupay-festive-carnival-detail?id=178,1st August 2024 to 31st July 2025
https://www.rupay.co.in/images/rupay/rupay-festive-carnival/logo/superbottoms-logo.png,20% Off on minimum purchase of ₹1199,https://www.rupay.co.in/rupay-festive-carnival/rupay-festive-carnival-detail?id=177,1st August 2024 to 31st July 2025
https://www.rupay.co.in/images/rupay/rupay-festive-carnival/logo/juicy-chemistry-logo.png,Extra 25% off * Valid on top of slashed prices exclusively,https://www.rupay.co.in/rupay-festive-carnival/rupay-festive-carnival-detail?id=176,1st August 2024 to 31st July 2025
https://www.rupay.co.in/images/rupay/rupay-festive-carnival/logo/oziva-logo.png,Flat 20% off on orders above ₹999,https://www.rupay.co.in/rupay-festive-carnival/rupay-festive-carnival-detail?id=175,1st August 2024 to 31st July 2025
https://www.rupay.co.in/images/rupay/rupay-festive-carnival/logo/einstein-box-logo.png,₹400 discounts on purchase of items from 1 Yr to 12 Yrs,https://www.rupay.co.in/rupay-festive-carnival/rupay-festive-carnival-detail?id=174,1st August 2024 to 31st July 2025
https://www.rupay.co.in/images/rupay/rupay-festive-carnival/logo/ixigo-logo.png,"8% off on Flight Bookings, Maximum off Upto ₹1000",https://www.rupay.co.in/rupay-festive-carnival/rupay-festive-carnival-detail?id=173,7th August 2024 to 31st July 2025
https://www.rupay.co.in/images/rupay/rupay-festive-carnival/logo/giva-logo.png,₹300 off on Silver Jewellery on Minimum Purchase Value of ₹999,https://www.rupay.co.in/rupay-festive-carnival/rupay-festive-carnival-detail?id=172,6th August 2024 to 31st July 2025
https://www.rupay.co.in/images/rupay/rupay-festive-carnival/logo/clovia-logo.png,₹200 off on Minimum Purchase value of ₹999,https://www.rupay.co.in/rupay-festive-carnival/rupay-festive-carnival-detail?id=171,6th August 2024 to 31st July 2025
https://www.rupay.co.in/images/rupay/rupay-festive-carnival/logo/bombay-shaving-company-logo.png,Buy 3 Perfume at ₹599,https://www.rupay.co.in/rupay-festive-carnival/rupay-festive-carnival-detail?id=170,6th August 2024 to 31st July 2025
https://www.rupay.co.in/images/rupay/rupay-festive-carnival/logo/lunchbox-logo.png,Get 30% off upto ₹100 on Minimum Purchase Value of ₹199 & above,https://www.rupay.co.in/rupay-festive-carnival/rupay-festive-carnival-detail?id=169,6th August 2024 to 31st July 2025
https://www.rupay.co.in/images/rupay/rupay-festive-carnival/logo/the-good-bowl-logo.png,Get 40% off upto ₹110 on Minimum Purchase Value of ₹199 & above,https://www.rupay.co.in/rupay-festive-carnival/rupay-festive-carnival-detail?id=168,6th August 2024 to 31st July 2025
https://www.rupay.co.in/images/rupay/rupay-festive-carnival/logo/ovenstory-pizza-logo.png,Get 50% off upto ₹125 on Minimum Purchase Value of ₹249 & above,https://www.rupay.co.in/rupay-festive-carnival/rupay-festive-carnival-detail?id=167,6th August 2024 to 31st July 2025
https://www.rupay.co.in/images/rupay/rupay-festive-carnival/logo/faasos-logo.png,Get 40% off upto ₹125 on Minimum Purchase Value of ₹199 & above,https://www.rupay.co.in/rupay-festive-carnival/rupay-festive-carnival-detail?id=166,6th August 2024 to 31st July 2025
https://www.rupay.co.in/images/rupay/rupay-festive-carnival/logo/eatsure-logo.png,Get 40% off upto ₹110 on Minimum Purchase Value of ₹249 + Free Dellivery,https://www.rupay.co.in/rupay-festive-carnival/rupay-festive-carnival-detail?id=165,6th August 2024 to 31st July 2025
https://www.rupay.co.in/images/rupay/rupay-festive-carnival/logo/myntra-logo.png,Extra ₹250 off on Minimum Purchase Value of ₹1499 on select styles,https://www.rupay.co.in/rupay-festive-carnival/rupay-festive-carnival-detail?id=164,5th August 2024 to 31st July 2025
https://www.rupay.co.in/images/rupay/rupay-festive-carnival/logo/bagline-logo.png,Additional 10% off on website on Minimum Purchase Value of ₹1500,https://www.rupay.co.in/rupay-festive-carnival/rupay-festive-carnival-detail?id=163,5th August 2024 to 31st July 2025
https://www.rupay.co.in/images/rupay/rupay-festive-carnival/logo/zouk-logo.png,"₹500 off on zouk bags, wallets and footwear range",https://www.rupay.co.in/rupay-festive-carnival/rupay-festive-carnival-detail?id=162,5th August 2024 to 31st July 2025
https://www.rupay.co.in/images/rupay/rupay-festive-carnival/logo/lavie-logo.png,"Get 20% off on ""Lavie"" Selective Products",https://www.rupay.co.in/rupay-festive-carnival/rupay-festive-carnival-detail?id=161,1st August 2024 to 31st July 2025
https://www.rupay.co.in/images/rupay/rupay-festive-carnival/logo/hindustan-times-logo.png,30% discount on HT Premium digital subscription plan,https://www.rupay.co.in/rupay-festive-carnival/rupay-festive-carnival-detail?id=160,1st August 2024 to 31st July 2025
https://www.rupay.co.in/images/rupay/rupay-festive-carnival/logo/live-mint-the-wall-street-journal-logo.png,30% discount on Mint and Mint + Wall Street Journal digital subscription plan,https://www.rupay.co.in/rupay-festive-carnival/rupay-festive-carnival-detail?id=159,1st August 2024 to 31st July 2025
https://www.rupay.co.in/images/rupay/rupay-festive-carnival/logo/motorhunk-logo.png,Get 20% off upto ₹300,https://www.rupay.co.in/rupay-festive-carnival/rupay-festive-carnival-detail?id=158,1st August 2024 to 31st July 2025
https://www.rupay.co.in/images/rupay/rupay-festive-carnival/logo/musafir-logo.png,"Up to ₹5,000 off on International Flight Booking",https://www.rupay.co.in/rupay-festive-carnival/rupay-festive-carnival-detail?id=157,1st August 2024 to 31st July 2025
https://www.rupay.co.in/images/rupay/rupay-festive-carnival/logo/musafir-logo.png,"Up to ₹3,000 off on on Domestic Flight Booking",https://www.rupay.co.in/rupay-festive-carnival/rupay-festive-carnival-detail?id=156,1st August 2024 to 31st July 2025
https://www.rupay.co.in/images/rupay/rupay-festive-carnival/logo/upgrad-logo.png,₹5000 off,https://www.rupay.co.in/rupay-festive-carnival/rupay-festive-carnival-detail?id=155,2nd August 2024 to 31st July 2025
https://www.rupay.co.in/images/rupay/rupay-festive-carnival/logo/sia-jewellery-logo.png,15% off on Minimum Puchase Value of ₹3000,https://www.rupay.co.in/rupay-festive-carnival/rupay-festive-carnival-detail?id=154,2nd August 2024 to 31st July 2025
https://www.rupay.co.in/images/rupay/rupay-festive-carnival/logo/nutrabay-logo.png,10% off up to ₹300 on First Purchase on Sitewide,https://www.rupay.co.in/rupay-festive-carnival/rupay-festive-carnival-detail?id=153,2nd August 2024 to 31st July 2025
https://www.rupay.co.in/images/rupay/rupay-festive-carnival/logo/Foxtale-logo.png,₹400 off on Minimum Purchase Value of ₹999,https://www.rupay.co.in/rupay-festive-carnival/rupay-festive-carnival-detail?id=152,31st July 2024 to 31st July 2025
https://www.rupay.co.in/images/rupay/rupay-festive-carnival/logo/Lancome-logo.png,15% off on First Time Purchase,https://www.rupay.co.in/rupay-festive-carnival/rupay-festive-carnival-detail?id=151,31st July 2024 to 31st July 2025
https://www.rupay.co.in/images/rupay/rupay-festive-carnival/logo/Organic-Harvest-logo.png,Buy 1 Get 1 Free on Products of Organic Harvest,https://www.rupay.co.in/rupay-festive-carnival/rupay-festive-carnival-detail?id=150,31st July 2024 to 31st July 2025
https://www.rupay.co.in/images/rupay/rupay-festive-carnival/logo/Kashmir-Villa-logo.png,20% off on clothing and accessories,https://www.rupay.co.in/rupay-festive-carnival/rupay-festive-carnival-detail?id=149,1st August 2024 to 31st July 2025
https://www.rupay.co.in/images/rupay/rupay-festive-carnival/logo/Wendys-logo.png,Flat ₹100 off on orders above ₹249,https://www.rupay.co.in/rupay-festive-carnival/rupay-festive-carnival-detail?id=148,1st August 2024 to 31st July 2025
https://www.rupay.co.in/images/rupay/rupay-festive-carnival/logo/Cocoon-Care-logo.png,Flat ₹500 off on minimum purchase of ₹3000,https://www.rupay.co.in/rupay-festive-carnival/rupay-festive-carnival-detail?id=147,1st August 2024 to 31st July 2025
https://www.rupay.co.in/images/rupay/rupay-festive-carnival/logo/Chaayos-logo.png,15% off on all orders placed on www.Chaayos.com,https://www.rupay.co.in/rupay-festive-carnival/rupay-festive-carnival-detail?id=146,1st August 2024 to 31st July 2025
https://www.rupay.co.in/images/rupay/rupay-festive-carnival/logo/Citrus-Hotels-logo.png,15% off on Food & Soft Beverages,https://www.rupay.co.in/rupay-festive-carnival/rupay-festive-carnival-detail?id=145,30th July 2024 to 31st July 2025
https://www.rupay.co.in/images/rupay/rupay-festive-carnival/logo/Apollo-Hospital-logo.png,25% off on Apollo ProHealth Health Checks,https://www.rupay.co.in/rupay-festive-carnival/rupay-festive-carnival-detail?id=144,30th July 2024 to 31st July 2025
https://www.rupay.co.in/images/rupay/rupay-festive-carnival/logo/Sri-Jagdamba-Pearls-logo.png,"25% off on Pearl, Gemstone & Fashion Jewellery",https://www.rupay.co.in/rupay-festive-carnival/rupay-festive-carnival-detail?id=143,30th July 2024 to 31st July 2025
https://www.rupay.co.in/images/rupay/rupay-festive-carnival/logo/Chowman-logo.png,20% off up to ₹200+Free Home Delivery,https://www.rupay.co.in/rupay-festive-carnival/rupay-festive-carnival-detail?id=142,30th July 2024 to 31st July 2025
https://www.rupay.co.in/images/rupay/rupay-festive-carnival/logo/Sleepy-Owl-logo.png,15% off on Sitewide,https://www.rupay.co.in/rupay-festive-carnival/rupay-festive-carnival-detail?id=141,30th July 2024 to 31st July 2025
https://www.rupay.co.in/images/rupay/rupay-festive-carnival/logo/Gogirgit-logo.png,15% off on Sitewide,https://www.rupay.co.in/rupay-festive-carnival/rupay-festive-carnival-detail?id=140,30th July 2024 to 31st July 2025
https://www.rupay.co.in/images/rupay/rupay-festive-carnival/logo/Kairali-Ayurvedic-logo.png,20% off on Total Bill,https://www.rupay.co.in/rupay-festive-carnival/rupay-festive-carnival-detail?id=139,29th July 2024 to 31st July 2025
https://www.rupay.co.in/images/rupay/rupay-festive-carnival/logo/Netmeds-logo.png,₹200 off on all tests & packages,https://www.rupay.co.in/rupay-festive-carnival/rupay-festive-carnival-detail?id=138,29th July 2024 to 31st July 2025
https://www.rupay.co.in/images/rupay/rupay-festive-carnival/logo/Netmeds-logo.png,₹200 off on Medicine +80% NMS SuperCash,https://www.rupay.co.in/rupay-festive-carnival/rupay-festive-carnival-detail?id=137,29th July 2024 to 31st July 2025
https://www.rupay.co.in/images/rupay/rupay-festive-carnival/logo/Netmeds-logo.png,3 Month Free NFM Membership,https://www.rupay.co.in/rupay-festive-carnival/rupay-festive-carnival-detail?id=136,29th July 2024 to 31st July 2025
https://www.rupay.co.in/images/rupay/rupay-festive-carnival/logo/Urban-Drive-logo.png,"10% off on All Our Economy Cars, Chauffeur Driven Pan India, Maximum off ₹500",https://www.rupay.co.in/rupay-festive-carnival/rupay-festive-carnival-detail?id=135,29th July 2024 to 31st July 2025
https://www.rupay.co.in/images/rupay/rupay-festive-carnival/logo/Urban-Drive-logo.png,"15% off on All Our Luxury Cars, Chauffeur Driven Pan India, Maximum off ₹1500",https://www.rupay.co.in/rupay-festive-carnival/rupay-festive-carnival-detail?id=134,29th July 2024 to 31st July 2025
https://www.rupay.co.in/images/rupay/rupay-festive-carnival/logo/Eco-Rent-A-Car-logo.png,"15% off on All Our Economy Cars, Outstation Chauffeur Driven Pan India, Maximum off ₹1000",https://www.rupay.co.in/rupay-festive-carnival/rupay-festive-carnival-detail?id=133,29th July 2024 to 31st July 2025
https://www.rupay.co.in/images/rupay/rupay-festive-carnival/logo/Eco-Rent-A-Car-logo.png,"20% off on All Our Luxury Cars, Outstation Chauffeur Driven Pan India, Maximum off Rs. 2500",https://www.rupay.co.in/rupay-festive-carnival/rupay-festive-carnival-detail?id=132,29th July 2024 to 31st July 2025
https://www.rupay.co.in/images/rupay/rupay-festive-carnival/logo/Thyrocare-logo.png,25% off on Catalogue Rate,https://www.rupay.co.in/rupay-festive-carnival/rupay-festive-carnival-detail?id=131,29th July 2024 to 31st July 2025
https://www.rupay.co.in/images/rupay/rupay-festive-carnival/logo/Akbar-Travels-logo.png,10% off on Domastic Holidays,https://www.rupay.co.in/rupay-festive-carnival/rupay-festive-carnival-detail?id=130,29th July 2024 to 31st July 2025
https://www.rupay.co.in/images/rupay/rupay-festive-carnival/logo/Joyalukkas-logo.png,"Gold Jewellery offer: 20% off on Gold Jewellery Making Charges, Diamond Jewellery offer: ₹3000 off on Purchase of Diamond Jewellery worth ₹50,000/- And Above",https://www.rupay.co.in/rupay-festive-carnival/rupay-festive-carnival-detail?id=129,22nd July 2024 to 31st July 2025
https://www.rupay.co.in/images/rupay/rupay-festive-carnival/logo/Pee-Safe-logo.png,25% off on All Pee Safe Products on Minimum Order Value of ₹499,https://www.rupay.co.in/rupay-festive-carnival/rupay-festive-carnival-detail?id=128,22nd July 2024 to 31st July 2025
https://www.rupay.co.in/images/rupay/rupay-festive-carnival/logo/Rapido-logo.png,Upto 50% off for New Users,https://www.rupay.co.in/rupay-festive-carnival/rupay-festive-carnival-detail?id=127,22nd July 2024 to 31st July 2025
https://www.rupay.co.in/images/rupay/rupay-festive-carnival/logo/My-Pooja-Box-logo.png,10% off on Minimum Order Value of ₹2000,https://www.rupay.co.in/rupay-festive-carnival/rupay-festive-carnival-detail?id=126,22nd July 2024 to 31st July 2025
https://www.rupay.co.in/images/rupay/rupay-festive-carnival/logo/R-for-Rabbit-logo.png,10% off on Sitewide,https://www.rupay.co.in/rupay-festive-carnival/rupay-festive-carnival-detail?id=125,22nd July 2024 to 31st July 2025
https://www.rupay.co.in/images/rupay/rupay-festive-carnival/logo/Tax2win-logo.png,15% off on All Paid Plans,https://www.rupay.co.in/rupay-festive-carnival/rupay-festive-carnival-detail?id=123,22nd July 2024 to 31st July 2025
https://www.rupay.co.in/images/rupay/rupay-festive-carnival/logo/Max-Fashion-logo.png,₹500 off on Minimum Order Value of ₹1999 & Above,https://www.rupay.co.in/rupay-festive-carnival/rupay-festive-carnival-detail?id=122,22nd July 2024 to 31st July 2025
https://www.rupay.co.in/images/rupay/rupay-festive-carnival/logo/Max-Fashion-logo.png,₹250 off on Minimum Order Value of ₹1499 & Above,https://www.rupay.co.in/rupay-festive-carnival/rupay-festive-carnival-detail?id=121,22nd July 2024 to 31st July 2025
https://www.rupay.co.in/images/rupay/rupay-festive-carnival/logo/Protouch-logo.png,10% off on Collections,https://www.rupay.co.in/rupay-festive-carnival/rupay-festive-carnival-detail?id=120,22nd July 2024 to 31st July 2025
https://www.rupay.co.in/images/rupay/rupay-festive-carnival/logo/Tresmode-logo.png,20% off on Total Bill,https://www.rupay.co.in/rupay-festive-carnival/rupay-festive-carnival-detail?id=119,22nd July 2024 to 31st July 2025
https://www.rupay.co.in/images/rupay/rupay-festive-carnival/logo/BlackTree-India-logo.png,₹600 off on Total Bill,https://www.rupay.co.in/rupay-festive-carnival/rupay-festive-carnival-detail?id=118,22nd July 2024 to 31st July 2025
https://www.rupay.co.in/images/rupay/rupay-festive-carnival/logo/Estele-Jewellery-logo.png,15% off,https://www.rupay.co.in/rupay-festive-carnival/rupay-festive-carnival-detail?id=117,22nd July 2024 to 31st July 2025
https://www.rupay.co.in/images/rupay/rupay-festive-carnival/logo/Renee-Cosmetics-logo.png,₹500 off on Minimum Purchase value of ₹899 & above on Sitewide,https://www.rupay.co.in/rupay-festive-carnival/rupay-festive-carnival-detail?id=116,22nd July 2024 to 31st July 2025
https://www.rupay.co.in/images/rupay/rupay-festive-carnival/logo/Watch-Factory-logo.png,10% off on Minimum Purchase Value of ₹1000,https://www.rupay.co.in/rupay-festive-carnival/rupay-festive-carnival-detail?id=115,22nd July 2024 to 31st July 2025
https://www.rupay.co.in/images/rupay/rupay-festive-carnival/logo/The-Mom-Co-logo.png,₹500 off on Minimum Purchase value of ₹899 & above on Sitewide,https://www.rupay.co.in/rupay-festive-carnival/rupay-festive-carnival-detail?id=114,22nd July 2024 to 31st July 2025
https://www.rupay.co.in/images/rupay/rupay-festive-carnival/logo/Myglamm-logo.png,₹500 off on Minimum Purchase value of ₹899 & above on Sitewide,https://www.rupay.co.in/rupay-festive-carnival/rupay-festive-carnival-detail?id=113,22nd July 2024 to 31st July 2025
https://www.rupay.co.in/images/rupay/rupay-festive-carnival/logo/Satvik-Store-logo.png,10% off on Minimum Purchase Value of ₹1500,https://www.rupay.co.in/rupay-festive-carnival/rupay-festive-carnival-detail?id=112,22nd July 2024 to 31st July 2025
https://www.rupay.co.in/images/rupay/rupay-festive-carnival/logo/Lee-logo.png,10% off on Total Bill,https://www.rupay.co.in/rupay-festive-carnival/rupay-festive-carnival-detail?id=111,22nd July 2024 to 31st July 2025
https://www.rupay.co.in/images/rupay/rupay-festive-carnival/logo/Hammer-logo.png,15% off on all Hammer Gadgets,https://www.rupay.co.in/rupay-festive-carnival/rupay-festive-carnival-detail?id=110,22nd July 2024 to 31st July 2025
https://www.rupay.co.in/images/rupay/rupay-festive-carnival/logo/Skull-Candy-logo.png,70% off on Sitewide,https://www.rupay.co.in/rupay-festive-carnival/rupay-festive-carnival-detail?id=109,22nd July 2024 to 31st July 2025
https://www.rupay.co.in/images/rupay/rupay-festive-carnival/logo/Home-Centre-logo.png,"₹5000 off on Minimum Order Value of ₹24,999",https://www.rupay.co.in/rupay-festive-carnival/rupay-festive-carnival-detail?id=108,22nd July 2024 to 31st July 2025
https://www.rupay.co.in/images/rupay/rupay-festive-carnival/logo/Sweet-Truth-logo.png,35% off upto ₹110 on Minimum Order Value of ₹249 & above,https://www.rupay.co.in/rupay-festive-carnival/rupay-festive-carnival-detail?id=107,22nd July 2024 to 31st July 2025
https://www.rupay.co.in/images/rupay/rupay-festive-carnival/logo/Beardo-logo.png,22% off on Sitewide,https://www.rupay.co.in/rupay-festive-carnival/rupay-festive-carnival-detail?id=106,22nd July 2024 to 31st July 2025
https://www.rupay.co.in/images/rupay/rupay-festive-carnival/logo/Beardo-logo.png,₹500 off on Minimum Order Value of ₹1500,https://www.rupay.co.in/rupay-festive-carnival/rupay-festive-carnival-detail?id=105,22nd July 2024 to 31st July 2025
https://www.rupay.co.in/images/rupay/rupay-festive-carnival/logo/Lifestyle-logo.png,15% off on Minimum Order Value of ₹1999,https://www.rupay.co.in/rupay-festive-carnival/rupay-festive-carnival-detail?id=104,22nd July 2024 to 31st July 2025
https://www.rupay.co.in/images/rupay/rupay-festive-carnival/logo/Behrouz-Biryani-logo.png,40% off upto ₹150 on Minimum Purchase Value of ₹399 & above,https://www.rupay.co.in/rupay-festive-carnival/rupay-festive-carnival-detail?id=103,22nd July 2024 to 31st July 2025
